emp_record_id,person_id,employer,years_exp
EMP-e7rei9vf9s,P-00M9D42,MediLife,22.0
EMP-05vnf0gxu8,P-02IT6C1,EduWorks,9.0
EMP-tfcigvpzw0,P-02ZANEH,TechCorp,25.0
EMP-x2u5ssnarn,P-039KK9M,TranspoX,34.0
EMP-buon09c63z,P-04UVB7W,TechCorp,29.0
EMP-ix90po4f2n,P-06L8FGI,EduWorks,29.0
EMP-lbjfxglplz,P-0CUDUMS,TranspoX,6.0
EMP-dcfnnj3j5p,P-0CUIEC1,TranspoX,17.0
EMP-3w1c49mezx,P-0ELHR7T,EduWorks,20.0
EMP-n797nhlfnp,P-0FOZ4WL,EduWorks,6.0
EMP-4m8iulwdy7,P-0GEC9IQ,EduWorks,27.0
EMP-cndiry0fwl,P-0GMTVPJ,MediLife,36.0
EMP-jibqy9fkq9,P-0IRLBTF,TranspoX,35.0
EMP-1izvo0s8q1,P-0J6N4NZ,AgriFoods,25.0
EMP-jpw77abzwe,P-0M0AV3C,AgriFoods,7.0
EMP-o9lcqia08s,P-0OBI5G3,AgriFoods,23.0
EMP-vp7jw3gp3g,P-0OF2F5V,EduWorks,35.0
EMP-6be1hzy4lq,P-0P14EA0,TranspoX,3.0
EMP-559oos9if9,P-0PGEQPX,RetailCo,35.0
EMP-qhp722cs6p,P-0Q5C19T,TranspoX,15.0
EMP-5bea1xar7w,P-0QS5Y7D,MediLife,37.0
EMP-zmvh8thumr,P-0QVOII7,MediLife,17.0
EMP-9nkna7qck6,P-0RGMMFI,TranspoX,18.0
EMP-qs0pmb9qus,P-0SYPQLX,EduWorks,6.0
EMP-vlydivojdq,P-0VU2D42,EduWorks,36.0
EMP-w6vp2vrhpm,P-0WPOTBT,TranspoX,2.0
EMP-uccgo3cctp,P-0X7JQ57,AgriFoods,19.0
EMP-d20hbmg22h,P-0XUOBNY,RetailCo,17.0
EMP-gbdxxqa1k1,P-0ZP41IZ,MediLife,40.0
EMP-oiipvbwd40,P-10GCTF7,TranspoX,2.0
EMP-wgto5dxvpo,P-11U6ZBE,TranspoX,3.0
EMP-vy0f95fz4p,P-12KAJUF,AgriFoods,34.0
EMP-9ridrgui6k,P-1928MWH,RetailCo,17.0
EMP-99h5olq6d9,P-19MD23L,TranspoX,36.0
EMP-vvvvz2ky0k,P-1B60FEM,TranspoX,14.0
EMP-bjtn0opg0j,P-1DBTCJN,RetailCo,6.0
EMP-mqci5g6ipp,P-1HMMALI,,
EMP-vbjltxg03i,P-1N2LM4V,RetailCo,35.0
EMP-8pklxrxpgt,P-1P9UEEY,TranspoX,20.0
EMP-i520szjde0,P-1QTLVHR,EduWorks,36.0
EMP-ivoci8hodg,P-1RAHDT5,MediLife,12.0
EMP-z7amxlez2u,P-1S430KG,TechCorp,3.0
EMP-1c3qjijlwc,P-1SBO8D1,RetailCo,36.0
EMP-kca8h02yjn,P-1X1CY7T,TechCorp,36.0
EMP-gybnec33ht,P-1XVNZ0T,EduWorks,14.0
EMP-7j8crrjgdh,P-1YB5E3M,RetailCo,7.0
EMP-5n54a1m8v6,P-1YW4OO4,TranspoX,2.0
EMP-7lsdctvjda,P-1Z45AVL,EduWorks,26.0
EMP-bvqrqpecns,P-208O387,EduWorks,2.0
EMP-c8iyehzxwx,P-20Y0BLX,RetailCo,27.0
EMP-uazwlzsdcb,P-21X8JBN,RetailCo,4.0
EMP-c2cefdboyd,P-2376X1W,TranspoX,15.0
EMP-q4iyfxcjjb,P-25X09TO,TranspoX,23.0
EMP-omjg2s84un,P-264MFEF,RetailCo,24.0
EMP-pv85hth7ke,P-2ARGR4U,RetailCo,12.0
EMP-rynfyqwp3o,P-2BDDAWZ,TranspoX,34.0
EMP-q7fllt04gf,P-2GCVGML,EduWorks,3.0
EMP-qwpxulrn6g,P-2IYYQW3,MediLife,22.0
EMP-qm64qnuqgh,P-2NC744G,TranspoX,16.0
EMP-ds6qc7t7n6,P-2NF8LFU,EduWorks,25.0
EMP-e6hol55aa2,P-2S7J7OI,MediLife,19.0
EMP-jim8mi8mtp,P-2SKA76J,TechCorp,6.0
EMP-dskvvbd8gk,P-2V2I6SB,TechCorp,19.0
EMP-s1x4eiopws,P-30STRLR,TranspoX,19.0
EMP-08tboy0br4,P-31UJMTB,TranspoX,12.0
EMP-omwiyqln33,P-336TAJ9,RetailCo,12.0
EMP-j4612yfxxh,P-35PPELH,TranspoX,17.0
EMP-9dj0w4sohp,P-363AR58,,
EMP-hsy0td7nzt,P-36VEQF6,MediLife,11.0
EMP-1k2v8v8ado,P-38G239L,AgriFoods,35.0
EMP-owqlmoiyxr,P-38ZCFIN,RetailCo,40.0
EMP-b5i7jx2o0d,P-3BPAGNO,MediLife,18.0
EMP-14nzg6hxq7,P-3E9RBPK,TechCorp,27.0
EMP-0vqy95asy7,P-3HLZURU,MediLife,12.0
EMP-ytjyoafa3f,P-3IFCAR3,TranspoX,39.0
EMP-0359lr4ccv,P-3KTOJX8,TechCorp,29.0
EMP-lbie64ohba,P-3L5ROIV,AgriFoods,25.0
EMP-v2paa8ddot,P-3NW08TU,RetailCo,28.0
EMP-s3tjeluihp,P-3PYL94G,EduWorks,1.0
EMP-h6sdkrwobl,P-3Q4S0M2,AgriFoods,19.0
EMP-b5j0mfnrzf,P-3QM0XKE,EduWorks,17.0
EMP-5gxkudnxsj,P-3REQ8YS,RetailCo,35.0
EMP-urj4dvxiiu,P-3SF633I,,
EMP-u7tbb6f9rh,P-3SWCH4X,MediLife,16.0
EMP-k2y0gkfglq,P-3TY0Z2U,TranspoX,27.0
EMP-j7h96daz1n,P-3UPCLAH,TranspoX,14.0
EMP-3e4t1iqczl,P-3UY9B6N,EduWorks,23.0
EMP-ys6ymfz1sp,P-3WERVA8,RetailCo,15.0
EMP-ggj6dc7xu2,P-3ZKIRXC,RetailCo,30.0
EMP-af3ndb1ins,P-41QEU1D,EduWorks,36.0
EMP-vdjxha94qj,P-43GZLN1,RetailCo,1.0
EMP-bup63vmo3m,P-43IBXMC,EduWorks,37.0
EMP-z7ahd9z4sr,P-45CEMJB,AgriFoods,24.0
EMP-26x2seb45w,P-48FRMOE,EduWorks,4.0
EMP-whn8zkxp89,P-48RGGXN,TechCorp,32.0
EMP-dvbetfuh0a,P-4A23QQW,AgriFoods,27.0
EMP-lwa7mwlljb,P-4B1AMXO,TechCorp,8.0
EMP-ro2hllx74e,P-4BKGG50,MediLife,26.0
EMP-3606ndn7do,P-4BO2XAF,RetailCo,3.0
EMP-2igsi5afq6,P-4E2SSHP,AgriFoods,22.0
EMP-jrte7nqkof,P-4ELVOP4,AgriFoods,12.0
EMP-n3ese9dumh,P-4F2VMPA,MediLife,29.0
EMP-98qnvniaq6,P-4IAE8KG,TechCorp,15.0
EMP-zm2107elvu,P-4IF14EY,EduWorks,11.0
EMP-8y9u67y9ga,P-4N6NHJH,TranspoX,12.0
EMP-i8c4ojbq6d,P-4OKPDK9,TechCorp,3.0
EMP-vw8tpzz1ru,P-4ORU2OC,TranspoX,34.0
EMP-vkr2vjw6i6,P-4P8IXLN,EduWorks,19.0
EMP-u8a37nqp4d,P-4PBGQC4,TechCorp,35.0
EMP-64hcqpvpsh,P-4PYBM6Z,TranspoX,15.0
EMP-smhipco4y4,P-4QCGZZV,MediLife,8.0
EMP-ak6d6v595a,P-4QOL4CL,TranspoX,33.0
EMP-9dqvhoc2hj,P-4SKIB3G,TechCorp,27.0
EMP-mo4qtoed4w,P-4TTSECQ,MediLife,36.0
EMP-5jcfhe5l2e,P-4UETWUG,TechCorp,6.0
EMP-271jef8qok,P-4UFK842,AgriFoods,11.0
EMP-75vd79y9du,P-4WHLW4E,TechCorp,20.0
EMP-aqhnhdi4g6,P-4WZCJ6G,MediLife,4.0
EMP-ibulglvt6j,P-4XY9PER,AgriFoods,11.0
EMP-wty0h907v1,P-4Z4JLMF,TechCorp,17.0
EMP-26rv3zfvu9,P-525UPKJ,TranspoX,14.0
EMP-x93uzb9v66,P-53Q69VP,TechCorp,19.0
EMP-q64rofrfs0,P-54086IG,MediLife,37.0
EMP-sjswjqw1yr,P-55M55B7,RetailCo,12.0
EMP-u287bifi6c,P-563922D,TechCorp,2.0
EMP-mpqa61vjve,P-57LBOJB,TranspoX,36.0
EMP-6mw7mtc8k2,P-59K8FK4,EduWorks,21.0
EMP-8b0ycw9fsu,P-5BK2UI4,TranspoX,39.0
EMP-aa0kykx1zn,P-5EAS045,TranspoX,6.0
EMP-kgzv28b2v4,P-5EHPVHX,EduWorks,15.0
EMP-yq82844s5p,P-5FMPB0H,AgriFoods,30.0
EMP-17b1j40v3e,P-5H8EUNC,TechCorp,36.0
EMP-ij3gp2hfrp,P-5JSW4RP,EduWorks,29.0
EMP-scc5mw8mjj,P-5MVISFD,EduWorks,16.0
EMP-6iq87uryq4,P-5NT6EHO,AgriFoods,6.0
EMP-wuo1iubvqq,P-5O74VD6,TechCorp,24.0
EMP-xt994h2uls,P-5ORXR2J,TranspoX,26.0
EMP-0duxbamq08,P-5OY09K0,TranspoX,37.0
EMP-umv5bz68uj,P-5VEX2YW,RetailCo,6.0
EMP-oqreaq3e7x,P-5Z374CA,TranspoX,29.0
EMP-nnowbofijr,P-61DSLUL,TechCorp,16.0
EMP-twq7u681o4,P-61HSJUN,RetailCo,17.0
EMP-xetfu82k2j,P-63BLRGF,EduWorks,5.0
EMP-te8nh3ygfb,P-66Y5NVC,EduWorks,26.0
EMP-721hbdqb4g,P-676L6Q4,TechCorp,10.0
EMP-o2dgjv7mgp,P-684DVPY,RetailCo,9.0
EMP-16xp9328l5,P-68I8W1W,MediLife,7.0
EMP-3du3hg45ly,P-6CYS1IY,AgriFoods,28.0
EMP-l9uz55fy0a,P-6HGC8DY,AgriFoods,29.0
EMP-c5q6cbzahz,P-6IKM73W,TranspoX,32.0
EMP-owqa5fb6ip,P-6K8AUER,TechCorp,25.0
EMP-58jxfh04ir,P-6M7F0YM,TechCorp,9.0
EMP-milkqwv0xk,P-6MCUKOD,EduWorks,31.0
EMP-dxa8h1eiyw,P-6MU6MFH,TechCorp,5.0
EMP-ws04td1por,P-6NB1331,EduWorks,12.0
EMP-zc4cg1qz3q,P-6OF4JXU,TechCorp,35.0
EMP-4f67nyoaps,P-6RGQ1NE,AgriFoods,22.0
EMP-dkb7miqn3m,P-6RMPEMK,EduWorks,37.0
EMP-yxhy9uhdop,P-6SAO378,MediLife,5.0
EMP-o60wjh5bhc,P-6V0TS7X,AgriFoods,13.0
EMP-2ikwjt6qh2,P-6W4ZCE7,RetailCo,38.0
EMP-c90w722xa3,P-6W58NV2,RetailCo,13.0
EMP-j5ets7rll4,P-6XLF0DJ,AgriFoods,12.0
EMP-z04cn3kgkz,P-6YYV7NU,EduWorks,8.0
EMP-5y8htuhcc4,P-6Z7TVY8,RetailCo,1.0
EMP-v2zzq6t8v9,P-70OXJJJ,TranspoX,23.0
EMP-qy5nag2o44,P-76U56J2,AgriFoods,17.0
EMP-bk9ult67gq,P-7BG53UT,MediLife,9.0
EMP-2qkkhmo17s,P-7CRE4ZZ,EduWorks,16.0
EMP-vbagpntizc,P-7DMN8PR,EduWorks,32.0
EMP-ifh7cjjnkl,P-7E119MJ,RetailCo,4.0
EMP-lfy0biaq2j,P-7FTIX3R,MediLife,7.0
EMP-hkflk7ld1n,P-7GOWITJ,MediLife,3.0
EMP-docpvs375v,P-7HGPGYX,,
EMP-jna7evj0az,P-7IRWOPC,TranspoX,18.0
EMP-7nvkdyp4l2,P-7IXDG6T,RetailCo,13.0
EMP-0910wdhzy4,P-7J4PLZX,RetailCo,37.0
EMP-jiv9574qt2,P-7LLEY1J,RetailCo,4.0
EMP-nr9ol1lfhx,P-7MHHDFF,EduWorks,36.0
EMP-fjsgw4ge1v,P-7MUH7ZV,TechCorp,9.0
EMP-i6bfyd4kra,P-7NR7P0T,RetailCo,11.0
EMP-0iuckdp24b,P-7RI6RUK,MediLife,35.0
EMP-rubhii1210,P-7RPC489,TechCorp,7.0
EMP-twsbib9zfv,P-7SH2MKS,AgriFoods,18.0
EMP-1qmf0rzmyl,P-7UDN97E,AgriFoods,16.0
EMP-ngo5aja7e6,P-7YEJVA2,MediLife,11.0
EMP-7nbhv6tz1l,P-7ZMIYNE,EduWorks,30.0
EMP-phftxz0yo8,P-803YKV4,TechCorp,17.0
EMP-nn13jmmvza,P-82FBIUW,MediLife,40.0
EMP-079910dqus,P-82Q9BLK,TechCorp,20.0
EMP-brxzt9wu6q,P-841RG68,RetailCo,14.0
EMP-81rhhokhlh,P-84S2AKW,MediLife,4.0
EMP-sakwxb3jjc,P-85Z8W51,RetailCo,7.0
EMP-7ekzgklddf,P-8617E81,RetailCo,18.0
EMP-syck2b4436,P-86BN252,AgriFoods,34.0
EMP-exmdf1z46t,P-86L7O6E,TranspoX,24.0
EMP-ony45t75qw,P-8C4PF5A,,
EMP-yo4ylms855,P-8D65ZDP,EduWorks,14.0
EMP-ktri9bklk3,P-8EM32CN,MediLife,12.0
EMP-wlt0tv8eiu,P-8EYKTQA,TranspoX,19.0
EMP-xvk2jkr0j1,P-8G1GHV3,AgriFoods,37.0
EMP-elqqd95xhk,P-8GCCEVO,AgriFoods,24.0
EMP-7ajpas5jfk,P-8M2PYTJ,EduWorks,40.0
EMP-w11kjkd7z3,P-8NNRUQ7,,
EMP-0ely6yw72h,P-8OP2MCE,TranspoX,30.0
EMP-5272ncyeov,P-8POM9XJ,AgriFoods,12.0
EMP-e322oe6kpj,P-8SEDKBH,RetailCo,7.0
EMP-h41ljagmiw,P-8UC73AT,TechCorp,23.0
EMP-f300egzhgd,P-94014SZ,AgriFoods,23.0
EMP-0ensns6e41,P-9556KGJ,TranspoX,1.0
EMP-mcvone7i5c,P-9AZ3SPB,RetailCo,4.0
EMP-4vyj8f9onr,P-9BEU2TL,RetailCo,26.0
EMP-agiqa5jwqw,P-9BQE3ZW,TranspoX,19.0
EMP-4ydi67orvc,P-9CLFHBP,AgriFoods,34.0
EMP-grx0ghuq53,P-9EW05ZY,EduWorks,8.0
EMP-q8k36hm8if,P-9F99XSJ,EduWorks,33.0
EMP-82vmjquakx,P-9FGECKF,AgriFoods,12.0
EMP-sl08qmjqzx,P-9G6IJ5W,TechCorp,22.0
EMP-ru4jrm396n,P-9HJVMGX,,
EMP-wuh7z1jfnc,P-9IRO7JT,EduWorks,39.0
EMP-lpsxmwnttj,P-9J9OPZL,EduWorks,22.0
EMP-sferyn2dgf,P-9M0CL8N,EduWorks,33.0
EMP-f56ew2r26r,P-9UFSXDI,EduWorks,17.0
EMP-5beusux5q0,P-9UFUNB4,EduWorks,6.0
EMP-xemkm66crp,P-9UG9ARR,RetailCo,36.0
EMP-ba8wwg4ttw,P-9URMSOT,AgriFoods,3.0
EMP-gkhwa8jhdc,P-9VZ7HY7,AgriFoods,7.0
EMP-8z833hla9h,P-9WKPOQK,MediLife,2.0
EMP-xh546zfnjc,P-9X70DM1,AgriFoods,39.0
EMP-7pjbxfyee6,P-9XHF7OT,EduWorks,21.0
EMP-nxvvv9v1sl,P-9XK9B0T,MediLife,11.0
EMP-q29wjb6nsq,P-A1X0XA8,RetailCo,3.0
EMP-dwnurnloq4,P-AB5D0CU,EduWorks,13.0
EMP-11smbn38pz,P-AC2O7P3,AgriFoods,25.0
EMP-fxfcqmusgk,P-AE958GL,,
EMP-xh6fbqg1ni,P-AEO0ZIA,,
EMP-pvw4h485th,P-AETK1YW,AgriFoods,3.0
EMP-3j4atgiaa6,P-AFD17TG,EduWorks,26.0
EMP-b9h8odxkmi,P-AFM5UWG,TranspoX,16.0
EMP-tnope9hjjk,P-AHV1796,MediLife,29.0
EMP-ymzkk7avht,P-AOI4H23,AgriFoods,7.0
EMP-d7nbk30mhe,P-AOZUPIW,MediLife,21.0
EMP-frjzxpre5n,P-ATG4V4K,AgriFoods,12.0
EMP-edx0s2vehw,P-AU2YGOQ,TechCorp,34.0
EMP-qxxkp7lmch,P-AX7LG3E,AgriFoods,11.0
EMP-zm6azkmd76,P-AYW95DB,MediLife,7.0
EMP-uimb35n4f7,P-B2EO2EH,TechCorp,8.0
EMP-nisvz2bs5m,P-B4M5LTL,TechCorp,38.0
EMP-jra0ok8zzy,P-B5MR75S,EduWorks,2.0
EMP-bfx5aa7bb4,P-BFC2GVT,RetailCo,3.0
EMP-ddlib6nwrq,P-BH07EQK,AgriFoods,16.0
EMP-lmbbas17vs,P-BJPLZFI,AgriFoods,33.0
EMP-byxqeeyb10,P-BKCXOOR,AgriFoods,30.0
EMP-ctk2iim30r,P-BLA7BJA,RetailCo,38.0
EMP-z6e969u468,P-BLXZQJG,TranspoX,7.0
EMP-5hciqkmxue,P-BPDAAPP,TranspoX,39.0
EMP-9ebs8i0hip,P-BQ41R0H,RetailCo,5.0
EMP-34hxt5skzx,P-BQHN36L,RetailCo,31.0
EMP-0rv8fl2qvk,P-BRUFQID,TechCorp,7.0
EMP-e1flydui7i,P-BTQ5RT2,AgriFoods,8.0
EMP-iyxjtxlofo,P-BUSO49Y,TechCorp,27.0
EMP-vtng3qbnlr,P-BXJS6QI,AgriFoods,35.0
EMP-93bfalwmi0,P-BYVF9MU,MediLife,11.0
EMP-vquecvxxhp,P-C03IMU7,AgriFoods,3.0
EMP-0n9cal7j4v,P-C23YU95,EduWorks,5.0
EMP-h4dpi41kda,P-C52P8X3,TranspoX,18.0
EMP-84oqmi5prf,P-C5JOI1U,RetailCo,22.0
EMP-72dfq9eagz,P-C7LQSYM,TechCorp,5.0
EMP-nyvq5aolwa,P-C7YNSEE,AgriFoods,3.0
EMP-8kap0d7hs6,P-C87UIGL,RetailCo,15.0
EMP-1cyd5j3ihm,P-CFFALBR,TranspoX,34.0
EMP-ex8l9k6cor,P-CFHVGVA,,
EMP-ei9hly1qn1,P-CGLKIC9,TranspoX,31.0
EMP-7n5o4kgxq3,P-CGQME4V,AgriFoods,25.0
EMP-d8favyfnwn,P-CH9T415,EduWorks,6.0
EMP-67uq6dkjz5,P-CHMG937,RetailCo,35.0
EMP-8p4ozegx1b,P-CIK12D6,RetailCo,6.0
EMP-dcbukv5tmm,P-CJ0DRMD,TechCorp,39.0
EMP-ma78d43jgb,P-CJ68YO3,MediLife,21.0
EMP-ttfltwa956,P-CMO9B0Q,EduWorks,18.0
EMP-1363tjo854,P-CNHJF9T,MediLife,15.0
EMP-thc6osxwzd,P-COTBF37,RetailCo,32.0
EMP-i5evoe4phb,P-CPMR5ZD,EduWorks,9.0
EMP-oodm17oev9,P-CSPPFJF,RetailCo,25.0
EMP-nh9v4gukiu,P-CTXCPN6,MediLife,37.0
EMP-hammiakcja,P-CTZ12Z2,MediLife,31.0
EMP-hbnw2cpc9a,P-CVJJ6O5,RetailCo,28.0
EMP-uqqiswh2q3,P-CYT362H,MediLife,11.0
EMP-mf5k02cziv,P-D0KPA2Z,TechCorp,21.0
EMP-atotfkggyz,P-D1D7N95,AgriFoods,22.0
EMP-r90bkzrfy5,P-D485QMK,TechCorp,2.0
EMP-s1fk5lo3z7,P-D4VN43T,TranspoX,23.0
EMP-vahyi2hodw,P-D5EOZN0,AgriFoods,16.0
EMP-xh9l6hcfad,P-D7RRP47,EduWorks,21.0
EMP-kqqtvjnmqv,P-D8OCY6X,TechCorp,31.0
EMP-ism8a7m4lr,P-D9LRAN5,TranspoX,6.0
EMP-psrlwcx1eq,P-D9WOBHV,EduWorks,21.0
EMP-d9a9h6njtm,P-DFF8E9U,AgriFoods,25.0
EMP-ap62p6pat6,P-DIDH1FE,TranspoX,23.0
EMP-o5c7u4zwix,P-DLN2OOT,TechCorp,17.0
EMP-0asxluimag,P-DLT2BLY,MediLife,37.0
EMP-wy9waavxzz,P-DMP1798,TechCorp,25.0
EMP-lzhdpni3xx,P-DSPQZIT,TranspoX,13.0
EMP-daidylxs0b,P-DV3WKLK,AgriFoods,13.0
EMP-fnjsesmj5x,P-DWWPK3L,RetailCo,2.0
EMP-udmi2rkogk,P-DXIHRKC,RetailCo,21.0
EMP-94wi6doq3u,P-DYFDKTQ,EduWorks,17.0
EMP-gncginehwb,P-DZCN54D,TechCorp,22.0
EMP-re56xcw7va,P-E1544Y5,TranspoX,38.0
EMP-ilzgsij196,P-E1SD2VA,TranspoX,33.0
EMP-hcb2j5kzzz,P-E5VEK82,RetailCo,4.0
EMP-3glaekcygy,P-E6VVL7Z,TechCorp,33.0
EMP-im4oslb6ec,P-E6YVM1V,TechCorp,26.0
EMP-9v6t4kxd0q,P-E9IHVPE,TechCorp,24.0
EMP-x3yjljtsmh,P-EA6AEII,EduWorks,31.0
EMP-2ma7qqt1sy,P-EB6IFPS,RetailCo,2.0
EMP-amgcs02pvk,P-ECDUH05,MediLife,3.0
EMP-wicso2eqvq,P-ECY8W91,RetailCo,8.0
EMP-3qq12eln6o,P-EGFFKUR,TranspoX,37.0
EMP-m5h7t7lfw4,P-EJMDMAI,RetailCo,39.0
EMP-x0esy5i0y7,P-EJT2K7I,EduWorks,1.0
EMP-l81z6kgo8z,P-EKKNMS2,MediLife,5.0
EMP-eya9dam8km,P-EL8RF3M,EduWorks,26.0
EMP-nm3use6bll,P-ETBYDNR,TranspoX,38.0
EMP-9von6ma90b,P-ETN5LDB,RetailCo,13.0
EMP-zhhmy2cupw,P-EUNKNL0,RetailCo,28.0
EMP-4erwxsfxwp,P-EVJZ7SM,AgriFoods,39.0
EMP-v41h6lg3p1,P-EX034Y6,TranspoX,5.0
EMP-6odnbhxc5o,P-EXYVHL1,TranspoX,12.0
EMP-9knjls5str,P-F0K08N3,MediLife,9.0
EMP-9lzta7s5jd,P-F1ZQESP,MediLife,26.0
EMP-lbko4p6y2d,P-F32437E,TechCorp,35.0
EMP-ft5f54um11,P-F3HFV36,MediLife,35.0
EMP-aniiclm07e,P-F3RME4W,MediLife,6.0
EMP-5ifq048eo9,P-F45KXZ4,EduWorks,13.0
EMP-d80gomblm3,P-F474WMN,TechCorp,14.0
EMP-h3vetlrtg7,P-F6I7F0P,EduWorks,20.0
EMP-fftrpl0xo2,P-F8FDKBB,EduWorks,4.0
EMP-bflk4ok2wu,P-F9LCS3X,TranspoX,34.0
EMP-xlkx20yze0,P-FCWN6TW,RetailCo,9.0
EMP-w9uqirhhhu,P-FD1R8FF,MediLife,29.0
EMP-mx53fwslgd,P-FHGW79X,RetailCo,29.0
EMP-nd5ifdvq3p,P-FHPWE15,TranspoX,35.0
EMP-p1jdm31b1n,P-FIMVCIN,EduWorks,30.0
EMP-0tkz9uc890,P-FLCXDR3,EduWorks,25.0
EMP-40c92qhwe9,P-FN6F4YC,RetailCo,31.0
EMP-da0xgqdqrv,P-FOSE1X1,EduWorks,19.0
EMP-u2feaets61,P-FPXLZ9E,RetailCo,13.0
EMP-pokqpdba1z,P-FQCLRC8,MediLife,9.0
EMP-hg076nronn,P-FU27LW3,AgriFoods,34.0
EMP-z2ug87j3nf,P-FV8S7PH,MediLife,9.0
EMP-9ec90k0qa4,P-FY17UAS,TranspoX,16.0
EMP-itj9nq8hpp,P-FYC5FCW,TechCorp,8.0
EMP-tlu7z89rji,P-G4Y9P61,AgriFoods,12.0
EMP-6j6ueiq2ly,P-G5PHL8R,EduWorks,7.0
EMP-ots38huc3v,P-G7CPDEX,AgriFoods,24.0
EMP-pc93umiepe,P-G7MHKCW,AgriFoods,38.0
EMP-aglbxi5c2f,P-GF4ZYZR,TranspoX,9.0
EMP-g0m23kshk9,P-GGD4MZ2,MediLife,28.0
EMP-ni1a3vfbq0,P-GH7SGD6,AgriFoods,33.0
EMP-57yj6s7r1u,P-GJMM9ON,RetailCo,15.0
EMP-yvsd0iu9wn,P-GMTFA98,MediLife,23.0
EMP-d2gcjsf209,P-GPV5GBS,TechCorp,17.0
EMP-dd03q2higz,P-GQE3BRC,RetailCo,20.0
EMP-dy2isbj8w2,P-GRTWRJT,TechCorp,26.0
EMP-um033xfpue,P-GS6HOE0,RetailCo,34.0
EMP-y50e0auag5,P-GT7OWIW,EduWorks,22.0
EMP-j6s616kyzy,P-GTDINMW,AgriFoods,25.0
EMP-uuodxlbjq1,P-GU0IWRH,EduWorks,34.0
EMP-zk5ki7caxk,P-GUBXX78,EduWorks,34.0
EMP-sgox9teh1o,P-GUTDYY7,MediLife,21.0
EMP-4263jtgtvs,P-GVD8YKW,TechCorp,28.0
EMP-t5oq94bqq3,P-GVL9Y5L,RetailCo,2.0
EMP-el5tyz69x5,P-GW9DX06,TechCorp,5.0
EMP-reaz5zbkdf,P-GXWUD0N,AgriFoods,3.0
EMP-u4uwf0k5vw,P-GYHPUQO,TranspoX,23.0
EMP-3e4bqcwt33,P-H1T60WY,EduWorks,8.0
EMP-8vq4iiie8z,P-H5ND1GK,MediLife,24.0
EMP-qcd0cdjvqc,P-H60BREW,RetailCo,13.0
EMP-mnpmyb87sb,P-H8CP5FU,AgriFoods,31.0
EMP-vodwzik1lv,P-H9ZMUJ6,,
EMP-vidso2rmos,P-HAL1TK9,TranspoX,15.0
EMP-p6cn29ej8s,P-HAVFC2F,AgriFoods,26.0
EMP-wsagzyxhx2,P-HBZUAK0,AgriFoods,35.0
EMP-rwq10wypov,P-HDOISCQ,,
EMP-67itx9a7q7,P-HI00HNR,TechCorp,13.0
EMP-lxouin4u52,P-HJ3RA8F,TechCorp,12.0
EMP-g6hhmj2t0n,P-HR0IDA1,EduWorks,11.0
EMP-wmp9152xmo,P-HS746MD,EduWorks,7.0
EMP-lfnx6ezabh,P-HTE2PKR,MediLife,19.0
EMP-nxlrjvwdep,P-HU0CRHG,RetailCo,40.0
EMP-nw6pinjb98,P-HU5IXYQ,TranspoX,30.0
EMP-ahzrwojisb,P-HVANZI0,,
EMP-dzunvk3msj,P-HWOPJEO,TechCorp,13.0
EMP-earga6hus0,P-HXN7E9J,AgriFoods,36.0
EMP-32dvgzc7dc,P-HZIB0YH,TranspoX,8.0
EMP-zwlkkszgg8,P-I24CITN,,
EMP-tp1i7blznj,P-I32DK1V,TechCorp,35.0
EMP-ow7nbrg42t,P-I5EE5OV,MediLife,36.0
EMP-9ulm6z1evx,P-I632CNQ,EduWorks,15.0
EMP-5ywovpr7sc,P-I6XR378,TechCorp,17.0
EMP-32f7gk3hx0,P-I6YZGZ9,MediLife,13.0
EMP-wl2rtl252k,P-I80K9R7,TechCorp,15.0
EMP-ido9bsw4qe,P-I9SD8Z2,EduWorks,27.0
EMP-3fvq6y0hw7,P-IBQFG2O,MediLife,23.0
EMP-xjt3f5dvrb,P-IHE3OCH,AgriFoods,8.0
EMP-80kj6atm4o,P-IIS8AVT,RetailCo,29.0
EMP-pzlkddxlbp,P-IJVFOZQ,TechCorp,4.0
EMP-3r5ttrsa7j,P-IN1HKLV,MediLife,5.0
EMP-ravf9sjhtz,P-INOQA2N,TranspoX,21.0
EMP-0yj5khxh3b,P-IOAXHJR,TechCorp,8.0
EMP-igct1km4w4,P-IPZDW51,TechCorp,26.0
EMP-0762yarggq,P-IRL1QGT,TranspoX,4.0
EMP-itmgagjjbo,P-IRO2H20,MediLife,8.0
EMP-1k2e29quzx,P-ISKVLKO,AgriFoods,26.0
EMP-y7b3o5rjsc,P-ISO693C,AgriFoods,24.0
EMP-2pztlf3qo4,P-IV8JZXR,,
EMP-yv6ni148zh,P-IWU95SB,EduWorks,7.0
EMP-5ejr8y45jg,P-J17HWQQ,MediLife,24.0
EMP-31eioj5mk8,P-J1AYLD0,MediLife,40.0
EMP-693jjqv8b4,P-J1XAYUQ,EduWorks,28.0
EMP-jnrum7foqi,P-J20WYZA,RetailCo,9.0
EMP-spafar9nag,P-J3BY9Y7,MediLife,8.0
EMP-h9k6mpuycq,P-J5NN7X2,EduWorks,3.0
EMP-xwfch9ruao,P-J5PSFHB,TechCorp,29.0
EMP-ees4ajqb40,P-J6IBI8V,MediLife,18.0
EMP-ambzixv2bl,P-J7BX8RD,AgriFoods,40.0
EMP-9t862gl8wk,P-J80D43O,TechCorp,10.0
EMP-tas5g5rxtt,P-JCKIYA6,AgriFoods,25.0
EMP-jx6n6wzinq,P-JFDBRR1,TechCorp,5.0
EMP-2j47khnqaj,P-JFFL87E,EduWorks,37.0
EMP-67o5nirg3g,P-JIIP0VW,AgriFoods,27.0
EMP-kyguvbjmg0,P-JJJJ7CT,AgriFoods,7.0
EMP-kix0ph6y0e,P-JJKHJI9,TechCorp,15.0
EMP-m3q0fcwukl,P-JJVFFPG,RetailCo,9.0
EMP-ucqv7kbag8,P-JK8816V,RetailCo,30.0
EMP-s1l0gsidpy,P-JLQTXM7,TechCorp,33.0
EMP-6yywmh49ot,P-JLQYS2D,RetailCo,15.0
EMP-nk5ajcvlgp,P-JMX9BWI,,
EMP-mii4pxsdeq,P-JQSY1LS,MediLife,39.0
EMP-0mknhj3854,P-JS6JI2Y,AgriFoods,25.0
EMP-wpog6zh0k7,P-JSNR4NA,TechCorp,36.0
EMP-l2521hi6h2,P-JVT74O1,EduWorks,19.0
EMP-7n0p9skej4,P-JX88EU7,TranspoX,37.0
EMP-oase6v5kcg,P-JZRLW29,TechCorp,27.0
EMP-i0796h7x24,P-K3SM66T,TechCorp,8.0
EMP-rlnx7dtyb3,P-K587HON,TechCorp,4.0
EMP-ghhrti8982,P-K5BHKZ2,AgriFoods,14.0
EMP-cq729p2yy8,P-K7K62K8,TechCorp,21.0
EMP-7uys06f81e,P-KCHT7IN,RetailCo,18.0
EMP-q1awmobpol,P-KCTBR5H,AgriFoods,19.0
EMP-x1u8ntvgwh,P-KDMI630,AgriFoods,32.0
EMP-at1g5rkgap,P-KJRK9CJ,AgriFoods,3.0
EMP-olaak4dyvr,P-KKL2UKV,MediLife,5.0
EMP-osu1nnamkw,P-KKUT6IF,TranspoX,40.0
EMP-6bz5sjwhol,P-KLQIHUW,MediLife,7.0
EMP-6jge8fldiv,P-KMME73E,TechCorp,27.0
EMP-fa0nhu4h2z,P-KMWNMWF,RetailCo,22.0
EMP-7s0f93j4h3,P-KNKD50Q,TranspoX,36.0
EMP-sqtzgcocpr,P-KQSYOK0,RetailCo,36.0
EMP-j53v0z0vmk,P-KVUDLD0,MediLife,31.0
EMP-q575oog1v1,P-KX3L25J,EduWorks,21.0
EMP-qa0resmfq7,P-KZ8O2G2,RetailCo,38.0
EMP-kymm8lpjg9,P-L08TETH,EduWorks,12.0
EMP-l1y2uszzww,P-L39KAAA,TechCorp,4.0
EMP-fk1kqyyz27,P-L3PKAPS,EduWorks,25.0
EMP-x0gc757qd2,P-L4W2WJJ,TranspoX,3.0
EMP-hl8wm7bomn,P-L5AV77B,TranspoX,32.0
EMP-ylz0rzw2gn,P-L7QX0PI,RetailCo,22.0
EMP-hoi9h1v982,P-L9XMVQF,MediLife,16.0
EMP-rdk2o6ve1g,P-LADB0BW,TranspoX,29.0
EMP-ehx827hm7v,P-LAMS43Y,RetailCo,12.0
EMP-y9wn42460i,P-LAYN27P,MediLife,1.0
EMP-7523iccpnd,P-LBFZ8TE,MediLife,34.0
EMP-7gtbq5wcq9,P-LBJFW2T,TranspoX,35.0
EMP-gja6gecug6,P-LCYTYIX,EduWorks,31.0
EMP-vfibwd22x4,P-LDYW9OO,EduWorks,1.0
EMP-nkaont1cfv,P-LFYR14A,TranspoX,40.0
EMP-acmk1hskq9,P-LHX1WCR,EduWorks,38.0
EMP-8j7sxhkvbd,P-LI7R6JN,AgriFoods,17.0
EMP-44cmuf0w8k,P-LIYQ143,MediLife,4.0
EMP-97xhhcihpd,P-LO7NSSK,,
EMP-ht2y8dc9wv,P-LP8IIOY,TranspoX,5.0
EMP-uksji5438n,P-LQ1NXS3,MediLife,38.0
EMP-m7d7ogloxi,P-LRTQZZ7,MediLife,30.0
EMP-vhlakr9f94,P-LSFZG5B,RetailCo,1.0
EMP-ntwknelzvn,P-LT4C5HL,MediLife,34.0
EMP-6b6yen3fpk,P-LT5QB1E,TechCorp,10.0
EMP-cqfwkcr7ke,P-LUGCNII,TechCorp,24.0
EMP-oarz5kcex8,P-M2GBNIM,MediLife,26.0
EMP-b2ixemaupf,P-M2KYW6C,TranspoX,34.0
EMP-ewmdps1o53,P-M320CTC,TranspoX,25.0
EMP-seypsoumy7,P-M3WNWG4,TranspoX,10.0
EMP-uhs0hy1zuh,P-M51HQQB,AgriFoods,13.0
EMP-a4emb4ysfm,P-M6B03R0,MediLife,23.0
EMP-cxejxg0bgk,P-M7DNUOS,EduWorks,3.0
EMP-g5yk2ctr42,P-MGEQ6OB,EduWorks,37.0
EMP-3pj5d550us,P-MJGPJVO,,
EMP-0pww5i0ire,P-MK1W67G,,
EMP-p3zpyt9ocg,P-MM8P3DU,EduWorks,13.0
EMP-cxbg5crcxr,P-MOWEN3H,AgriFoods,30.0
EMP-4olk5lgiae,P-MPKPXEV,EduWorks,17.0
EMP-vj2j8blkyk,P-MQ7AX76,RetailCo,13.0
EMP-gc01ajnqzb,P-MQIELV2,TranspoX,10.0
EMP-1nvy4uyslq,P-MRMCAW9,MediLife,14.0
EMP-2n451o9vel,P-MT9QDQ3,TechCorp,27.0
EMP-ntm9au5uva,P-MZ9CZ4G,TechCorp,9.0
EMP-xbj71n426y,P-N2XBIC7,MediLife,28.0
EMP-norpj6dk6n,P-N7FK5JE,,
EMP-5pdtwalvrt,P-NC5YTNB,MediLife,22.0
EMP-ykcn04q9zk,P-NDK4MPP,MediLife,5.0
EMP-ky1ge13hdl,P-NF934V3,TechCorp,39.0
EMP-exhg670vj2,P-NG0VL9E,MediLife,14.0
EMP-i3gdzrww37,P-NIM62BV,AgriFoods,23.0
EMP-quowe2ntrl,P-NJ9G12H,MediLife,38.0
EMP-cg4be52340,P-NKM9LPV,MediLife,25.0
EMP-lp6uij4p8b,P-NMGLU2Z,AgriFoods,35.0
EMP-75riq1x93x,P-NMXQAQ7,RetailCo,39.0
EMP-fbqlxxw93o,P-NO5YE91,TechCorp,35.0
EMP-ffnabtacdq,P-NO7PM11,TranspoX,4.0
EMP-nf49ry5qux,P-NPYIDJ7,MediLife,28.0
EMP-6swtkk3lgq,P-NY2MX2Y,TranspoX,34.0
EMP-80b0ldtt4j,P-NZE0XY2,TranspoX,22.0
EMP-a5r8zrmla0,P-O364A98,AgriFoods,14.0
EMP-ks9bzrvgzo,P-O459MUF,EduWorks,38.0
EMP-cbtrl95gh8,P-O4DZSV2,EduWorks,24.0
EMP-kkx091bnpv,P-O4FBCVK,AgriFoods,38.0
EMP-706oh1xsws,P-O6NLHUD,MediLife,13.0
EMP-1qc4jdzn6q,P-O6UM4P6,TechCorp,40.0
EMP-auv3l9kb2f,P-O8G89JN,AgriFoods,29.0
EMP-nhsmr1dqgy,P-OAQ2MTO,EduWorks,9.0
EMP-rzvgalm1ov,P-OBTVTLH,MediLife,14.0
EMP-zrb3q04og0,P-OCBJJW4,TechCorp,2.0
EMP-6n8g7jngaa,P-OCVZJAA,MediLife,33.0
EMP-nqrirlqozs,P-OEGFQW3,MediLife,30.0
EMP-aqqbj6cfhf,P-OEUCBVZ,RetailCo,1.0
EMP-46x9exilt7,P-OJLY1UG,AgriFoods,34.0
EMP-xheniisgqf,P-OK2SM97,,
EMP-ds0hwg4ncu,P-OK3OA6E,TechCorp,25.0
EMP-pwez9oyqjb,P-OK71ACU,RetailCo,15.0
EMP-fwnhkossf4,P-OKV474E,TranspoX,27.0
EMP-8jcdidwtt9,P-OMYNJWB,EduWorks,16.0
EMP-tgpnhfmcri,P-ONAX7TO,EduWorks,25.0
EMP-dw7uguxzy6,P-ONIPLLT,AgriFoods,15.0
EMP-a26ceoce8c,P-OTZ1KDR,TranspoX,7.0
EMP-leth6cur6v,P-OW7QKJM,RetailCo,27.0
EMP-gmzpou8ncj,P-P6GYB56,TechCorp,29.0
EMP-d7mfsjre3i,P-P7EDUW9,EduWorks,11.0
EMP-4u9xbg18dh,P-P7Y7CAK,,
EMP-bmzv2pf4bc,P-P9P82CO,EduWorks,29.0
EMP-4y8mbfvevm,P-PA06GM4,AgriFoods,34.0
EMP-gq3mxelmfc,P-PA8K1Z8,TranspoX,17.0
EMP-5kc3ug4okf,P-PDEYQXV,AgriFoods,19.0
EMP-otz1708w8c,P-PF2OCT4,RetailCo,23.0
EMP-ui31x1yygb,P-PF31Q5Z,RetailCo,16.0
EMP-hs9g6lyzir,P-PF5AL1U,EduWorks,27.0
EMP-y2amfrjl7u,P-PFMLUQX,AgriFoods,24.0
EMP-9ldbhjkaq8,P-PIMVUEZ,EduWorks,28.0
EMP-ctkv4wbzsk,P-PMPESS5,RetailCo,23.0
EMP-kqse88wcm0,P-PN6N7DW,TechCorp,12.0
EMP-3087q7xk7t,P-PNF6FV4,RetailCo,40.0
EMP-gutdf4u9qk,P-PORAXW0,TranspoX,27.0
EMP-oaz4tx0ekg,P-PSDDB8V,AgriFoods,5.0
EMP-n6vdqz88oo,P-PSH6QH5,RetailCo,18.0
EMP-n92gv1u2sj,P-PT828OC,EduWorks,33.0
EMP-g1nz4nnk93,P-PTOJP3Z,TechCorp,32.0
EMP-a8l6h2p0cm,P-PUN75T8,TechCorp,34.0
EMP-dazu1s7elo,P-PXSDC7R,TechCorp,27.0
EMP-493ngm2mbp,P-PYFMCJZ,TranspoX,38.0
EMP-8fgwoglagv,P-PZ2G78G,MediLife,23.0
EMP-gfuvjft2ai,P-Q43RG7S,MediLife,24.0
EMP-8zvnpa9860,P-Q7IDO0U,MediLife,19.0
EMP-bsxsjp22m8,P-Q8NKMS6,TranspoX,7.0
EMP-1wh3h3uzx4,P-Q8TBA2W,TranspoX,40.0
EMP-2ph4jxdoif,P-QC0JVQR,,
EMP-j755fteh4g,P-QCLL57Z,RetailCo,32.0
EMP-58pzi3r0tw,P-QCW53SA,RetailCo,10.0
EMP-8e22ad97rb,P-QE98FTB,AgriFoods,26.0
EMP-xcpn10z6lw,P-QEJ1MPO,RetailCo,29.0
EMP-eq5n1gal7e,P-QEOR04Y,TranspoX,23.0
EMP-lkgemxdkzw,P-QJHVMHU,MediLife,20.0
EMP-1pingkm3hp,P-QJPJK56,AgriFoods,32.0
EMP-tb7uvohpye,P-QLZCL3B,TranspoX,32.0
EMP-xlvhz61pyi,P-QMRCA55,AgriFoods,21.0
EMP-taj1mz0nbg,P-QN0EXT6,TranspoX,40.0
EMP-llx4igaen5,P-QN9JGW5,TechCorp,37.0
EMP-vgz8sc89zw,P-QNBUMWV,EduWorks,23.0
EMP-qhdys47hk2,P-QNMX3YU,TranspoX,26.0
EMP-lwrba8whde,P-QP98P7B,AgriFoods,9.0
EMP-4i4d74rj7l,P-QQAMHYV,RetailCo,12.0
EMP-lqa46uc8vo,P-QRZAKDT,MediLife,33.0
EMP-ntxbn71god,P-QZQUSIL,EduWorks,26.0
EMP-cz9yly5evg,P-R06H5R7,EduWorks,10.0
EMP-vzqsf04nb3,P-R1CY5JZ,RetailCo,1.0
EMP-nc7bxwddle,P-R2S0TW9,MediLife,32.0
EMP-pjjhq5ro4b,P-R3SNRBC,AgriFoods,8.0
EMP-cpg3v7v72j,P-R48R5WG,AgriFoods,37.0
EMP-labhzhyh7n,P-R4U8K7H,TranspoX,19.0
EMP-8m5o93qprm,P-R6PTI3T,RetailCo,19.0
EMP-kr4fgtxzxn,P-R8DK9RF,MediLife,5.0
EMP-kb5lajsn4g,P-R9SRT6N,TechCorp,33.0
EMP-ib6risajph,P-RAXR3YU,AgriFoods,30.0
EMP-0oyzr9ha96,P-RAZOGSV,RetailCo,23.0
EMP-zuu96f0oju,P-RC3VVNP,EduWorks,31.0
EMP-wn5eqx2tqh,P-RDI7QJG,EduWorks,3.0
EMP-cbr3hitond,P-RDZOVT1,EduWorks,29.0
EMP-x0f6yyysuz,P-RE38AZX,MediLife,22.0
EMP-lgf1zf843c,P-REMG1WL,RetailCo,17.0
EMP-04ke3ip5m4,P-RJBDTWT,RetailCo,33.0
EMP-fjluicnzta,P-RKFLMCR,EduWorks,15.0
EMP-uiqwh3wsvb,P-RL8B655,MediLife,32.0
EMP-83ff1d5g4d,P-RNETKJG,TranspoX,9.0
EMP-zj8wqai6mg,P-RNY6CDH,AgriFoods,38.0
EMP-tsmqh6mce1,P-ROB5GP1,AgriFoods,24.0
EMP-7tpt6frzgp,P-RQ39LJ4,MediLife,12.0
EMP-hd7ycl9tm8,P-RTK54M9,,
EMP-s0up0l6e5f,P-RTTJ7AG,TranspoX,38.0
EMP-r77510on2a,P-RUALGD4,AgriFoods,10.0
EMP-3quzm0dg4u,P-RX3Q3QE,EduWorks,12.0
EMP-db0eipf93s,P-S1SXW8I,EduWorks,32.0
EMP-wiq0h2t75z,P-S2Y6258,EduWorks,40.0
EMP-pkappa9g7t,P-S5X6VYR,AgriFoods,18.0
EMP-2xjeaucd3c,P-S7ZFK8W,TechCorp,9.0
EMP-h3qnixqv0x,P-S8OR7ZZ,EduWorks,38.0
EMP-sgnp23rgkd,P-S8YPJLG,RetailCo,4.0
EMP-6xbajsqxb6,P-SA21JXB,TechCorp,38.0
EMP-4888pyjufv,P-SA7H6VM,TechCorp,39.0
EMP-o501i6aowt,P-SAQCVQL,TranspoX,25.0
EMP-r2ukq4fd4u,P-SAVRATQ,RetailCo,16.0
EMP-a3srutq0hc,P-SBL85Y2,TranspoX,20.0
EMP-4rhpxkbg4n,P-SBQSUC8,RetailCo,22.0
EMP-wdgx0agcx1,P-SBXS7I4,AgriFoods,27.0
EMP-w9739yitvw,P-SD9RAXN,EduWorks,12.0
EMP-mgjn3f0baq,P-SDIK03O,TranspoX,16.0
EMP-tko0w40wcf,P-SFHEGLY,MediLife,38.0
EMP-kw90gx84t2,P-SFRSE0G,AgriFoods,30.0
EMP-sqqxfhpdnn,P-SGBKOMY,EduWorks,21.0
EMP-k2uijl8n2c,P-SGWBAMG,AgriFoods,10.0
EMP-od1g595lhb,P-SIMI8JT,AgriFoods,12.0
EMP-j4xglyo52b,P-SK1RTXY,TranspoX,23.0
EMP-rqt3xtirsi,P-SL2BCLN,AgriFoods,12.0
EMP-w68xiwsgma,P-SL81RE7,AgriFoods,1.0
EMP-k91g8ktkh3,P-SLUZECY,MediLife,26.0
EMP-k5l5cal3pz,P-SMYL101,MediLife,3.0
EMP-pqsdjl89xs,P-SNKGMHA,RetailCo,15.0
EMP-yu3qv1ebor,P-SPCYILU,,
EMP-holn9hptwg,P-SRBN4X8,TranspoX,17.0
EMP-q6ni3q0jlw,P-SSK3QOL,MediLife,12.0
EMP-jt7zen5vcr,P-SX8O7BQ,EduWorks,34.0
EMP-dfwl9cppo7,P-SXCDUZO,TranspoX,27.0
EMP-fibuxe7kob,P-SYNTGGA,TranspoX,39.0
EMP-j98tby8ofv,P-T030DOJ,TranspoX,11.0
EMP-fz8b8qt5p2,P-T1188CB,TranspoX,39.0
EMP-w6ztnxx0ps,P-T2GCJE4,TechCorp,6.0
EMP-22ulph36ev,P-T2P2Q5L,TranspoX,14.0
EMP-l8jfbb36yu,P-T4H6L6F,TranspoX,32.0
EMP-ing07wes92,P-T4Z1O7C,TranspoX,15.0
EMP-iv5ofwiu4p,P-T64VLFG,AgriFoods,17.0
EMP-otacyowui8,P-T8DSGYE,RetailCo,40.0
EMP-hgyxgzybgq,P-TAZBMBO,RetailCo,12.0
EMP-3r95fjb089,P-TCGCGQR,RetailCo,33.0
EMP-ovxm1m9uuw,P-TE0U6VV,EduWorks,32.0
EMP-v1aec0hk65,P-TFAOOPM,TranspoX,15.0
EMP-wyzapfsxep,P-TG7RQBS,AgriFoods,35.0
EMP-y7hz6a8tmf,P-TI5Y42L,EduWorks,9.0
EMP-cf4d2jwbd8,P-TIOKMEZ,AgriFoods,9.0
EMP-7bxejswzvo,P-TJ9I1B9,TranspoX,36.0
EMP-r7gt27h006,P-TJBOWWO,TechCorp,24.0
EMP-s2xkvuff50,P-TM3G1F5,MediLife,22.0
EMP-sbxnclz386,P-TMJLAGC,TechCorp,33.0
EMP-vf9wzg5b13,P-TNF72A7,RetailCo,7.0
EMP-34bs59urib,P-TNGMBLP,TranspoX,23.0
EMP-tek662vfg7,P-TOGI4RT,TranspoX,3.0
EMP-2g5i86mhml,P-TS76PRG,TranspoX,6.0
EMP-96hwr5cf9b,P-TTCG6GK,TechCorp,13.0
EMP-wsrktczy44,P-TU0AA5M,AgriFoods,12.0
EMP-1e82ux2q8a,P-TVYYY76,RetailCo,1.0
EMP-7y6zgzfegr,P-TWDQZM9,TechCorp,20.0
EMP-ze7evzg52h,P-TYLMD7H,MediLife,13.0
EMP-sj6lyn1haf,P-U0SADE1,RetailCo,19.0
EMP-ly4fwc8bye,P-U16Q7PY,RetailCo,38.0
EMP-s3yza2c51c,P-U3XGPFE,TranspoX,8.0
EMP-nrh940yhg6,P-U3XJDC8,EduWorks,10.0
EMP-kbxm7pb8xt,P-U68KMZM,TranspoX,5.0
EMP-2hkqhuqy1w,P-U8HYSLA,MediLife,20.0
EMP-vzrqp8gj6g,P-U8OQIPA,EduWorks,20.0
EMP-p5d3i0dhi7,P-U8OUME3,EduWorks,7.0
EMP-akgx4ylb0i,P-UAPL735,MediLife,4.0
EMP-n6cw149vwi,P-UB2CVX2,TranspoX,2.0
EMP-p9eaic5nlh,P-UBRJH5S,RetailCo,25.0
EMP-lwrvc5e5qi,P-UDVM4XJ,TechCorp,7.0
EMP-pspeymelqc,P-UEKO9V2,EduWorks,9.0
EMP-38vuk2ub87,P-UGRNHTN,RetailCo,4.0
EMP-al8zm3uhix,P-UHXVK7C,AgriFoods,30.0
EMP-ofrljw70hm,P-UN1TGQF,AgriFoods,25.0
EMP-159jnw4ovu,P-UQ5GH6S,AgriFoods,3.0
EMP-xy23y49rq9,P-UR7WBHB,AgriFoods,30.0
EMP-8mtws3kztt,P-UULJX8R,EduWorks,27.0
EMP-nyfnuox7wf,P-UWHAY1C,TechCorp,38.0
EMP-yh7z5deh6r,P-UY8WS4L,TechCorp,7.0
EMP-l2eidy7gss,P-UYVHC7Q,RetailCo,9.0
EMP-fw13oy5rg8,P-UZ9IDN9,MediLife,40.0
EMP-8d0029qt17,P-V0OQ4EU,EduWorks,5.0
EMP-59byx9ygoa,P-V0XISFC,AgriFoods,34.0
EMP-s8xvq1redu,P-V543E9P,TranspoX,21.0
EMP-ujpd62npv0,P-V6KKVLL,,
EMP-mfttznzyeu,P-V79SQTG,EduWorks,10.0
EMP-alzbueu37m,P-V8R9897,AgriFoods,27.0
EMP-jyjnblfc8j,P-VE5GJC2,AgriFoods,4.0
EMP-noh7gsp8nf,P-VHCB07E,AgriFoods,35.0
EMP-ask2a8bk3j,P-VJFAOT9,TechCorp,16.0
EMP-txm1fiules,P-VOWWVXD,MediLife,21.0
EMP-5ipnr7v25d,P-VSL6TJ7,EduWorks,31.0
EMP-au6ud6xdw3,P-VV5PA5M,TechCorp,8.0
EMP-hdheq8980w,P-VWQ53X5,RetailCo,5.0
EMP-4jd2ovt4b7,P-VXS1TNN,TechCorp,35.0
EMP-ijsn1v1j8c,P-VYYYCPJ,MediLife,10.0
EMP-zsgzs1j0i3,P-W04FQ85,EduWorks,16.0
EMP-5eq9wm3na9,P-W0CZY7U,MediLife,36.0
EMP-2xnj4dulz0,P-W1NU7VJ,TranspoX,29.0
EMP-5fckrlmhss,P-W5DJB1H,AgriFoods,3.0
EMP-q59midvdor,P-W6UMUTT,TechCorp,4.0
EMP-9lkudv5v2c,P-W76J767,MediLife,23.0
EMP-9ee5zwjr3z,P-W8C8WSN,MediLife,21.0
EMP-q9gyn4nlqq,P-W98FECO,TranspoX,4.0
EMP-o9najn6apf,P-W9L4OJN,TechCorp,15.0
EMP-g4fr3zbcjs,P-W9URU05,AgriFoods,37.0
EMP-13h1za8w5t,P-WB3X8ND,RetailCo,24.0
EMP-fi6lmsh3m4,P-WDPGOJ4,AgriFoods,4.0
EMP-r0v0ckeoop,P-WGBJKT1,,
EMP-7dlbuzcktp,P-WGHHHMH,TechCorp,28.0
EMP-adr3z78cun,P-WNXIT1A,MediLife,25.0
EMP-2w3t2wy8qd,P-WOMOYKB,AgriFoods,34.0
EMP-72rkvnsrll,P-WPA35Y7,TechCorp,8.0
EMP-fm4hctc6g5,P-WPFU4XX,MediLife,3.0
EMP-tkstzgw6qz,P-WQOGFAO,AgriFoods,39.0
EMP-y67gvvwgt8,P-WS9HEZ6,EduWorks,21.0
EMP-wegmeg2v8d,P-WSDJMLV,MediLife,3.0
EMP-87kmgmjig8,P-WV4TJLE,MediLife,9.0
EMP-3em4ajh66s,P-WVLQI5B,MediLife,33.0
EMP-hh5zrd9lgo,P-WVOJDU6,TranspoX,24.0
EMP-0719wvyphs,P-WVPZHS6,AgriFoods,2.0
EMP-t5bd4r5wkc,P-WVQCR6H,TechCorp,26.0
EMP-f0mhuvwr40,P-WW8QCB2,EduWorks,30.0
EMP-8d1ge1z6nj,P-WWMNE9T,TechCorp,36.0
EMP-m0wdorp6sc,P-WY50XFU,TechCorp,27.0
EMP-i1t9r0dtzh,P-X57D2DU,EduWorks,27.0
EMP-36fowxxiea,P-X835YHX,TechCorp,7.0
EMP-r95crk08tl,P-X9F5GN3,TranspoX,28.0
EMP-trrfpvcbs1,P-XB7RRDY,EduWorks,11.0
EMP-020b5ofzcu,P-XBX2IGZ,TechCorp,14.0
EMP-4wq9uogsh0,P-XFXRDKE,EduWorks,37.0
EMP-p5853ktzn1,P-XG1BSRZ,TranspoX,36.0
EMP-rveecwj8ox,P-XJJWCHQ,TranspoX,15.0
EMP-nj143fajus,P-XJT929T,TranspoX,7.0
EMP-rbrj40l5sr,P-XNY7X1N,AgriFoods,35.0
EMP-j4tzyp4vav,P-XOSO1QV,RetailCo,30.0
EMP-vtuxjxb742,P-XPY5CYE,MediLife,3.0
EMP-fl4dbg3jjx,P-XTIU0IZ,EduWorks,12.0
EMP-9o2haz11b0,P-XUEAI6Q,MediLife,10.0
EMP-rxjd1phs6q,P-XVT5T6F,,
EMP-5i4uui0skq,P-XY17KIU,RetailCo,24.0
EMP-l8b9666oyx,P-Y3LDXJP,TranspoX,15.0
EMP-28ln93ffpd,P-Y4DEJ7D,AgriFoods,11.0
EMP-zfhhiqq55x,P-Y8YHVBJ,AgriFoods,12.0
EMP-f7c6h3bn25,P-YA7UMS8,MediLife,40.0
EMP-bmltifv6bd,P-YAOLE0I,MediLife,39.0
EMP-c17ntnvh0k,P-YBM897V,MediLife,16.0
EMP-s9y2etzq3p,P-YCVT0F4,TechCorp,20.0
EMP-6jh3wgktyt,P-YDK8U8X,TechCorp,39.0
EMP-d9c4ifynz7,P-YE5LHS2,AgriFoods,35.0
EMP-luxhivqz3e,P-YEOQGPP,MediLife,4.0
EMP-wj26kki7x4,P-YEUK2QV,TranspoX,21.0
EMP-oj1s3nk6yr,P-YEUX1TT,EduWorks,28.0
EMP-f72l1u4pbm,P-YEXGOGB,TranspoX,40.0
EMP-42zsvoc2yf,P-YL6HXX1,EduWorks,31.0
EMP-fms6tlnvyl,P-YL6ULPG,EduWorks,36.0
EMP-rxszvwymg5,P-YLQMQSP,AgriFoods,17.0
EMP-3hyp2o3oks,P-YM6JOXW,MediLife,15.0
EMP-t2mww43sgg,P-YMQCQII,TechCorp,21.0
EMP-t1poax0xt0,P-YNJNXTP,,
EMP-rjels74tqd,P-YO2XEQ8,EduWorks,23.0
EMP-gtt7go2j7c,P-YPR6VY6,RetailCo,1.0
EMP-1bdk24dben,P-YPT5E77,AgriFoods,16.0
EMP-82yjdfm5z2,P-YQFS8PZ,MediLife,3.0
EMP-rurdqnlbo5,P-YQWAA3M,TranspoX,6.0
EMP-6idoy0ffrw,P-YRG7W6F,TechCorp,37.0
EMP-i5vw6k9pyx,P-YSTYHYL,TranspoX,37.0
EMP-35kapzpryr,P-YTUARUB,TranspoX,17.0
EMP-8roui1rq2b,P-YVEEJJL,RetailCo,18.0
EMP-6dwcino86g,P-YYQVWTV,EduWorks,12.0
EMP-e66ckc3o43,P-Z1CL8SB,TranspoX,16.0
EMP-9heydi4l20,P-Z2TDCBI,TechCorp,11.0
EMP-o7k331887e,P-Z4IPZC8,AgriFoods,9.0
EMP-fn2v4jlw1m,P-Z68NXRN,AgriFoods,16.0
EMP-uz6yzqbsh1,P-Z6S4ZU6,AgriFoods,23.0
EMP-hhs7lrs0g5,P-Z6ZGR00,EduWorks,23.0
EMP-gwkhjaloen,P-Z7KEJ27,,
EMP-btcommuaw9,P-ZA4TD33,AgriFoods,28.0
EMP-15tq7of79o,P-ZA5K9YA,MediLife,22.0
EMP-9dnec34khh,P-ZB4RD7R,RetailCo,26.0
EMP-kemqccgvl0,P-ZBY3UVU,AgriFoods,22.0
EMP-4ozianbral,P-ZC7HMZU,AgriFoods,1.0
EMP-ea9a1vfbj6,P-ZLJBJJB,,
EMP-jje5ljr24c,P-ZLZKPB3,TechCorp,8.0
EMP-l6qv26rg3s,P-ZM6U4CM,TranspoX,39.0
EMP-5mehpi04f9,P-ZO4FSRS,MediLife,11.0
EMP-9tk5stuhzj,P-ZP595DR,TranspoX,39.0
EMP-o86ysidshq,P-ZPV112W,TechCorp,11.0
EMP-clnun313lg,P-ZROFJ58,RetailCo,5.0
EMP-611x5zkdmt,P-ZUO282K,EduWorks,30.0
EMP-iztu0ynpb2,P-ZVFBX6L,EduWorks,17.0
EMP-8xpg9yaqxx,P-ZW5EBH6,EduWorks,30.0
EMP-jlv5zkswgl,P-ZXVWO33,MediLife,27.0
